,Age,RestingBP,Cholesterol,FastingBS,MaxHR,Oldpeak,HeartDisease
count,901.0,901.0,901.0,901.0,901.0,901.0,901.0
mean,53.44173140954495,132.36182019977804,244.35961829721518,0.2341842397336293,136.8457269700333,0.8327413984461709,0.5460599334073252
std,9.441997840558551,17.828131534642793,53.29500820997948,0.42372308228659095,25.524706028317713,0.9662666578962776,0.4981504823551436
min,28.0,80.0,85.0,0.0,60.0,-2.0,0.0
25%,47.0,120.0,214.0,0.0,120.0,0.0,0.0
50%,54.0,130.0,244.6353887399464,0.0,138.0,0.5,1.0
75%,60.0,140.0,266.0,0.0,156.0,1.5,1.0
max,77.0,200.0,603.0,1.0,202.0,3.7,1.0
